Strategy,IPOs Invested,Mean Return (%),Std Dev (%),Sharpe Ratio,Total Return (%),Starting Capital ($),Final Value ($),Profit/Loss ($)
Naive,5,18.927029313034556,40.569515981250916,0.46653327887327095,18.927029313034556,1000000,1189270.2931303456,189270.29313034564
Avoid High-Risk,1,10.786108537153764,0.0,0.0,10.786108537153764,1000000,1107861.0853715376,107861.0853715376
Top Quartile,2,56.243881514144135,7.890944376764772,7.127648964268039,56.243881514144135,1000000,1562438.8151414413,562438.8151414413
Combined,0,0.0,0.0,0.0,0.0,1000000,1000000.0,0.0
